﻿<?xml version="1.0" encoding="utf-8"?>
<!--DO NOT EDIT. This document is generated by PSoC Creator design builds.-->
<PSoCCreatorIdeExport Version="1">
  <Device Part="CYBLE-022001-00" Processor="CortexM0" DeviceID="E50119E" />
  <Toolchains>
    <Toolchain Name="ARM GCC Generic" Selected="True">
      <Tool Name="prebuild" Command="" Options="" />
      <Tool Name="assembler" Command="arm-none-eabi-as.exe" Options="-mcpu=cortex-m0 -mthumb -I. -IGenerated_Source\PSoC4 -alh=${OutputDir}/${CompileFile}.lst -g -W" />
      <Tool Name="compiler" Command="arm-none-eabi-gcc.exe" Options="-mcpu=cortex-m0 -mthumb -I. -IGenerated_Source\PSoC4 -Wa,-alh=${OutputDir}/${CompileFile}.lst -g -D DEBUG -Wall -ffunction-sections -ffat-lto-objects -O0" />
      <Tool Name="linker" Command="arm-none-eabi-gcc.exe" Options="-mcpu=cortex-m0 -mthumb -L Generated_Source\PSoC4 -Wl,-Map,${OutputDir}/${ProjectShortName}.map -T Generated_Source\PSoC4\cm0gcc.ld -specs=nano.specs -Wl,--gc-sections -g -ffunction-sections -O0 -ffat-lto-objects" />
      <Tool Name="postbuild" Command="" Options="" />
    </Toolchain>
    <Toolchain Name="ARM MDK Generic" Selected="False">
      <Tool Name="prebuild" Command="" Options="" />
      <Tool Name="assembler" Command="armasm.exe" Options="--cpu=Cortex-M0 --diag_style=gnu --thumb -i. -iGenerated_Source\PSoC4 -g --list=${OutputDir}/${CompileFile}.lst &quot;--predefine=__MICROLIB SETA 1&quot;" />
      <Tool Name="compiler" Command="armcc.exe" Options="--cpu=Cortex-M0 --C99 --diag_style=gnu -I. -IGenerated_Source\PSoC4 --list --signed_chars -g -D DEBUG -O0 --split_sections -D__MICROLIB" />
      <Tool Name="linker" Command="armlink.exe" Options="--cpu=Cortex-M0 --diag_style=gnu --no_startup --library_type=microlib --map --list ${OutputDir}/${ProjectShortName}.map --scatter Generated_Source\PSoC4\Cm0RealView.scat" />
      <Tool Name="postbuild" Command="" Options="" />
    </Toolchain>
    <Toolchain Name="ARM IAR Generic" Selected="False">
      <Tool Name="prebuild" Command="" Options="" />
      <Tool Name="assembler" Command="iasmarm.exe" Options="--cpu Cortex-M0 -I. -IGenerated_Source\PSoC4 -s+ -M&lt;&gt; -w+ -r -DDEBUG --fpu None" />
      <Tool Name="compiler" Command="iccarm.exe" Options="--cpu Cortex-M0 -I. -IGenerated_Source\PSoC4 -D DEBUG -D CY_CORE_ID=0 -I. -IGenerated_Source\PSoC4 -D DEBUG --no_cse --no_unroll --no_inline --no_code_motion --no_tbaa --no_clustering --no_scheduling --debug --endian=little -e --fpu=None -On --no_wrap_diagnostics" />
      <Tool Name="linker" Command="ilinkarm.exe" Options="--semihosting --entry __iar_program_start --vfe --config Generated_Source\PSoC4\Cm0Iar.icf" />
      <Tool Name="postbuild" Command="" Options="" />
    </Toolchain>
  </Toolchains>
  <Project Name="PRoC_BLE_CapSense_Slider_LED" Path="C:\Users\skuv\Desktop\CapSense_Slider_and_RGB_LED\PRoC_BLE_CapSense_Slider_LED\PRoC_BLE_CapSense_Slider_LED.cydsn" Version="5.70" Type="Normal">
    <CMSIS_SVD_File>PRoC_BLE_CapSense_Slider_LED.svd</CMSIS_SVD_File>
    <Datasheet />
    <LinkerFiles>
      <LinkerFile Toolchain="ARM GCC Generic">.\Generated_Source\PSoC4\cm0gcc.ld</LinkerFile>
      <LinkerFile Toolchain="ARM MDK Generic">.\Generated_Source\PSoC4\Cm0RealView.scat</LinkerFile>
      <LinkerFile Toolchain="ARM IAR Generic">.\Generated_Source\PSoC4\Cm0Iar.icf</LinkerFile>
    </LinkerFiles>
    <Folders>
      <Folder BuildType="STRICT" Path="C:\Users\skuv\Desktop\CapSense_Slider_and_RGB_LED\PRoC_BLE_CapSense_Slider_LED\PRoC_BLE_CapSense_Slider_LED.cydsn">
        <Files Root="C:\Users\skuv\Desktop\CapSense_Slider_and_RGB_LED\PRoC_BLE_CapSense_Slider_LED\PRoC_BLE_CapSense_Slider_LED.cydsn">
          <File BuildType="BUILD" Toolchain="">main.c</File>
          <File BuildType="BUILD" Toolchain="">RGB_PRSm.c</File>
          <File BuildType="BUILD" Toolchain="">BLEApplications.c</File>
          <File BuildType="BUILD" Toolchain="">HandleLowPower.c</File>
          <File BuildType="BUILD" Toolchain="">RGB_PRSm.h</File>
          <File BuildType="BUILD" Toolchain="">BLEApplications.h</File>
          <File BuildType="BUILD" Toolchain="">HandleLowPower.h</File>
          <File BuildType="BUILD" Toolchain="">main.h</File>
        </Files>
      </Folder>
      <Folder BuildType="STRICT" Path="C:\Users\skuv\Desktop\CapSense_Slider_and_RGB_LED\PRoC_BLE_CapSense_Slider_LED\PRoC_BLE_CapSense_Slider_LED.cydsn\Generated_Source\PSoC4">
        <Files Root="C:\Users\skuv\Desktop\CapSense_Slider_and_RGB_LED\PRoC_BLE_CapSense_Slider_LED\PRoC_BLE_CapSense_Slider_LED.cydsn">
          <File BuildType="BUILD" Toolchain="">Generated_Source\PSoC4\cyfitter_cfg.h</File>
          <File BuildType="BUILD" Toolchain="">Generated_Source\PSoC4\cyfitter_cfg.c</File>
          <File BuildType="BUILD" Toolchain="">Generated_Source\PSoC4\cymetadata.c</File>
          <File BuildType="BUILD" Toolchain="">Generated_Source\PSoC4\cydevice_trm.h</File>
          <File BuildType="BUILD" Toolchain="">Generated_Source\PSoC4\cydevicegnu_trm.inc</File>
          <File BuildType="BUILD" Toolchain="">Generated_Source\PSoC4\cydevicerv_trm.inc</File>
          <File BuildType="BUILD" Toolchain="">Generated_Source\PSoC4\cydeviceiar_trm.inc</File>
          <File BuildType="BUILD" Toolchain="">Generated_Source\PSoC4\cyfittergnu.inc</File>
          <File BuildType="BUILD" Toolchain="">Generated_Source\PSoC4\cyfitterrv.inc</File>
          <File BuildType="BUILD" Toolchain="">Generated_Source\PSoC4\cyfitteriar.inc</File>
          <File BuildType="BUILD" Toolchain="">Generated_Source\PSoC4\cyfitter.h</File>
          <File BuildType="BUILD" Toolchain="">Generated_Source\PSoC4\cydisabledsheets.h</File>
          <File BuildType="BUILD" Toolchain="">Generated_Source\PSoC4\CapSense.c</File>
          <File BuildType="BUILD" Toolchain="">Generated_Source\PSoC4\CapSense.h</File>
          <File BuildType="BUILD" Toolchain="">Generated_Source\PSoC4\CapSense_PM.c</File>
          <File BuildType="BUILD" Toolchain="">Generated_Source\PSoC4\CapSense_CSHL.c</File>
          <File BuildType="BUILD" Toolchain="">Generated_Source\PSoC4\CapSense_CSHL.h</File>
          <File BuildType="BUILD" Toolchain="">Generated_Source\PSoC4\CapSense_INT.c</File>
          <File BuildType="BUILD" Toolchain="">Generated_Source\PSoC4\CapSense_TunerHelper.c</File>
          <File BuildType="BUILD" Toolchain="">Generated_Source\PSoC4\CapSense_TunerHelper.h</File>
          <File BuildType="BUILD" Toolchain="">Generated_Source\PSoC4\CapSense_SMS.c</File>
          <File BuildType="BUILD" Toolchain="">Generated_Source\PSoC4\CapSense_SMS.h</File>
          <File BuildType="BUILD" Toolchain="">Generated_Source\PSoC4\CapSense_PVT.h</File>
          <File BuildType="BUILD" Toolchain="">Generated_Source\PSoC4\CapSense_IP.h</File>
          <File BuildType="BUILD" Toolchain="">Generated_Source\PSoC4\BLE_gatt.h</File>
          <File BuildType="BUILD" Toolchain="">Generated_Source\PSoC4\BLE.h</File>
          <File BuildType="BUILD" Toolchain="">Generated_Source\PSoC4\BLE.c</File>
          <File BuildType="BUILD" Toolchain="">Generated_Source\PSoC4\BLE_gatt.c</File>
          <File BuildType="BUILD" Toolchain="">Generated_Source\PSoC4\BLE_eventHandler.c</File>
          <File BuildType="BUILD" Toolchain="">Generated_Source\PSoC4\BLE_HAL_INT.c</File>
          <File BuildType="BUILD" Toolchain="">Generated_Source\PSoC4\BLE_HAL_PVT.c</File>
          <File BuildType="BUILD" Toolchain="">Generated_Source\PSoC4\BLE_HAL_PVT.h</File>
          <File BuildType="BUILD" Toolchain="">Generated_Source\PSoC4\BLE_STACK_PVT.h</File>
          <File BuildType="BUILD" Toolchain="">Generated_Source\PSoC4\BLE_StackGap.h</File>
          <File BuildType="BUILD" Toolchain="">Generated_Source\PSoC4\BLE_StackGatt.h</File>
          <File BuildType="BUILD" Toolchain="">Generated_Source\PSoC4\BLE_StackGattDb.h</File>
          <File BuildType="BUILD" Toolchain="">Generated_Source\PSoC4\BLE_StackHostMain.h</File>
          <File BuildType="BUILD" Toolchain="">Generated_Source\PSoC4\BLE_StackL2cap.h</File>
          <File BuildType="BUILD" Toolchain="">Generated_Source\PSoC4\BLE_StackGattServer.h</File>
          <File BuildType="BUILD" Toolchain="">Generated_Source\PSoC4\BLE_StackGattClient.h</File>
          <File BuildType="BUILD" Toolchain="">Generated_Source\PSoC4\BLE_Stack.h</File>
          <File BuildType="BUILD" Toolchain="">Generated_Source\PSoC4\BLE_eventHandler.h</File>
          <File BuildType="BUILD" Toolchain="">Generated_Source\PSoC4\BLE_custom.h</File>
          <File BuildType="BUILD" Toolchain="">Generated_Source\PSoC4\BLE_custom.c</File>
          <File BuildType="BUILD" Toolchain="">Generated_Source\PSoC4\User_Button.c</File>
          <File BuildType="BUILD" Toolchain="">Generated_Source\PSoC4\User_Button.h</File>
          <File BuildType="BUILD" Toolchain="">Generated_Source\PSoC4\User_Button_aliases.h</File>
          <File BuildType="BUILD" Toolchain="">Generated_Source\PSoC4\User_Button_PM.c</File>
          <File BuildType="BUILD" Toolchain="">Generated_Source\PSoC4\RGB_PRSm_Blue.c</File>
          <File BuildType="BUILD" Toolchain="">Generated_Source\PSoC4\RGB_PRSm_Blue.h</File>
          <File BuildType="BUILD" Toolchain="">Generated_Source\PSoC4\RGB_PRSm_Blue_aliases.h</File>
          <File BuildType="BUILD" Toolchain="">Generated_Source\PSoC4\RGB_PRSm_Blue_PM.c</File>
          <File BuildType="BUILD" Toolchain="">Generated_Source\PSoC4\RGB_PRSm_Green.c</File>
          <File BuildType="BUILD" Toolchain="">Generated_Source\PSoC4\RGB_PRSm_Green.h</File>
          <File BuildType="BUILD" Toolchain="">Generated_Source\PSoC4\RGB_PRSm_Green_aliases.h</File>
          <File BuildType="BUILD" Toolchain="">Generated_Source\PSoC4\RGB_PRSm_Green_PM.c</File>
          <File BuildType="BUILD" Toolchain="">Generated_Source\PSoC4\RGB_PRSm_Red.c</File>
          <File BuildType="BUILD" Toolchain="">Generated_Source\PSoC4\RGB_PRSm_Red.h</File>
          <File BuildType="BUILD" Toolchain="">Generated_Source\PSoC4\RGB_PRSm_Red_aliases.h</File>
          <File BuildType="BUILD" Toolchain="">Generated_Source\PSoC4\RGB_PRSm_Red_PM.c</File>
          <File BuildType="BUILD" Toolchain="">Generated_Source\PSoC4\isr_user_button.c</File>
          <File BuildType="BUILD" Toolchain="">Generated_Source\PSoC4\isr_user_button.h</File>
          <File BuildType="BUILD" Toolchain="">Generated_Source\PSoC4\CapSense_SampleClk.c</File>
          <File BuildType="BUILD" Toolchain="">Generated_Source\PSoC4\CapSense_SampleClk.h</File>
          <File BuildType="BUILD" Toolchain="">Generated_Source\PSoC4\CapSense_Sns_aliases.h</File>
          <File BuildType="BUILD" Toolchain="">Generated_Source\PSoC4\CapSense_SenseClk.c</File>
          <File BuildType="BUILD" Toolchain="">Generated_Source\PSoC4\CapSense_SenseClk.h</File>
          <File BuildType="BUILD" Toolchain="">Generated_Source\PSoC4\BLE_bless_isr.c</File>
          <File BuildType="BUILD" Toolchain="">Generated_Source\PSoC4\BLE_bless_isr.h</File>
          <File BuildType="BUILD" Toolchain="ARM GCC Generic">Generated_Source\PSoC4\cm0gcc.ld</File>
          <File BuildType="BUILD" Toolchain="ARM MDK Generic">Generated_Source\PSoC4\Cm0RealView.scat</File>
          <File BuildType="BUILD" Toolchain="">Generated_Source\PSoC4\Cm0Start.c</File>
          <File BuildType="BUILD" Toolchain="">Generated_Source\PSoC4\core_cm0.h</File>
          <File BuildType="BUILD" Toolchain="">Generated_Source\PSoC4\core_cm0_psoc4.h</File>
          <File BuildType="BUILD" Toolchain="ARM MDK Generic">Generated_Source\PSoC4\CyBootAsmRv.s</File>
          <File BuildType="BUILD" Toolchain="">Generated_Source\PSoC4\CyFlash.c</File>
          <File BuildType="BUILD" Toolchain="">Generated_Source\PSoC4\CyFlash.h</File>
          <File BuildType="BUILD" Toolchain="">Generated_Source\PSoC4\CyLib.c</File>
          <File BuildType="BUILD" Toolchain="">Generated_Source\PSoC4\CyLib.h</File>
          <File BuildType="BUILD" Toolchain="">Generated_Source\PSoC4\cyPm.c</File>
          <File BuildType="BUILD" Toolchain="">Generated_Source\PSoC4\cyPm.h</File>
          <File BuildType="BUILD" Toolchain="">Generated_Source\PSoC4\cytypes.h</File>
          <File BuildType="BUILD" Toolchain="">Generated_Source\PSoC4\cyutils.c</File>
          <File BuildType="BUILD" Toolchain="">Generated_Source\PSoC4\cypins.h</File>
          <File BuildType="BUILD" Toolchain="">Generated_Source\PSoC4\core_cmFunc.h</File>
          <File BuildType="BUILD" Toolchain="">Generated_Source\PSoC4\core_cmInstr.h</File>
          <File BuildType="BUILD" Toolchain="ARM IAR Generic">Generated_Source\PSoC4\Cm0Iar.icf</File>
          <File BuildType="BUILD" Toolchain="ARM IAR Generic">Generated_Source\PSoC4\CyBootAsmIar.s</File>
          <File BuildType="BUILD" Toolchain="">Generated_Source\PSoC4\cmsis_armcc.h</File>
          <File BuildType="BUILD" Toolchain="">Generated_Source\PSoC4\cmsis_gcc.h</File>
          <File BuildType="BUILD" Toolchain="">Generated_Source\PSoC4\cmsis_compiler.h</File>
          <File BuildType="BUILD" Toolchain="ARM GCC Generic">Generated_Source\PSoC4\CyBootAsmGnu.s</File>
          <File BuildType="BUILD" Toolchain="">Generated_Source\PSoC4\CyLFClk.c</File>
          <File BuildType="BUILD" Toolchain="">Generated_Source\PSoC4\CyLFClk.h</File>
          <File BuildType="BUILD" Toolchain="">Generated_Source\PSoC4\cy_em_eeprom.c</File>
          <File BuildType="BUILD" Toolchain="">Generated_Source\PSoC4\cy_em_eeprom.h</File>
          <File BuildType="BUILD" Toolchain="">Generated_Source\PSoC4\project.h</File>
          <File BuildType="BUILD" Toolchain="">Generated_Source\PSoC4\cycodeshareimport.ld</File>
          <File BuildType="BUILD" Toolchain="">Generated_Source\PSoC4\cycodeshareexport.ld</File>
          <File BuildType="BUILD" Toolchain="">Generated_Source\PSoC4\cycodeshareimport.scat</File>
        </Files>
      </Folder>
      <Folder BuildType="STRICT" Path="C:\Users\skuv\Desktop\CapSense_Slider_and_RGB_LED\PRoC_BLE_CapSense_Slider_LED\PRoC_BLE_CapSense_Slider_LED.cydsn\Export\ARM_GCC_Generic\BLE_v3_51">
        <Files Root="C:\Users\skuv\Desktop\CapSense_Slider_and_RGB_LED\PRoC_BLE_CapSense_Slider_LED\PRoC_BLE_CapSense_Slider_LED.cydsn">
          <File BuildType="BUILD" Toolchain="ARM GCC Generic">.\Export\ARM_GCC_Generic\BLE_v3_51\gccCyBLEStack_BLE_SOC_PERIPHERAL.a</File>
        </Files>
      </Folder>
      <Folder BuildType="STRICT" Path="C:\Users\skuv\Desktop\CapSense_Slider_and_RGB_LED\PRoC_BLE_CapSense_Slider_LED\PRoC_BLE_CapSense_Slider_LED.cydsn\Export\ARM_GCC_Generic\CapSense_CSD_P4_v2_60">
        <Files Root="C:\Users\skuv\Desktop\CapSense_Slider_and_RGB_LED\PRoC_BLE_CapSense_Slider_LED\PRoC_BLE_CapSense_Slider_LED.cydsn">
          <File BuildType="BUILD" Toolchain="ARM GCC Generic">.\Export\ARM_GCC_Generic\CapSense_CSD_P4_v2_60\CapsenseP4Library_GCC.a</File>
        </Files>
      </Folder>
      <Folder BuildType="STRICT" Path="C:\Users\skuv\Desktop\CapSense_Slider_and_RGB_LED\PRoC_BLE_CapSense_Slider_LED\PRoC_BLE_CapSense_Slider_LED.cydsn\Export\ARM_MDK_Generic\BLE_v3_51">
        <Files Root="C:\Users\skuv\Desktop\CapSense_Slider_and_RGB_LED\PRoC_BLE_CapSense_Slider_LED\PRoC_BLE_CapSense_Slider_LED.cydsn">
          <File BuildType="BUILD" Toolchain="ARM MDK Generic">.\Export\ARM_MDK_Generic\BLE_v3_51\mdkCyBLEStack_BLE_SOC_PERIPHERAL.a</File>
        </Files>
      </Folder>
      <Folder BuildType="STRICT" Path="C:\Users\skuv\Desktop\CapSense_Slider_and_RGB_LED\PRoC_BLE_CapSense_Slider_LED\PRoC_BLE_CapSense_Slider_LED.cydsn\Export\ARM_MDK_Generic\CapSense_CSD_P4_v2_60">
        <Files Root="C:\Users\skuv\Desktop\CapSense_Slider_and_RGB_LED\PRoC_BLE_CapSense_Slider_LED\PRoC_BLE_CapSense_Slider_LED.cydsn">
          <File BuildType="BUILD" Toolchain="ARM MDK Generic">.\Export\ARM_MDK_Generic\CapSense_CSD_P4_v2_60\CapsenseP4Library_MDK.a</File>
        </Files>
      </Folder>
      <Folder BuildType="STRICT" Path="C:\Users\skuv\Desktop\CapSense_Slider_and_RGB_LED\PRoC_BLE_CapSense_Slider_LED\PRoC_BLE_CapSense_Slider_LED.cydsn\Export\ARM_IAR_Generic\BLE_v3_51">
        <Files Root="C:\Users\skuv\Desktop\CapSense_Slider_and_RGB_LED\PRoC_BLE_CapSense_Slider_LED\PRoC_BLE_CapSense_Slider_LED.cydsn">
          <File BuildType="BUILD" Toolchain="ARM IAR Generic">.\Export\ARM_IAR_Generic\BLE_v3_51\gccCyBLEStack_BLE_SOC_PERIPHERAL.a</File>
        </Files>
      </Folder>
      <Folder BuildType="STRICT" Path="C:\Users\skuv\Desktop\CapSense_Slider_and_RGB_LED\PRoC_BLE_CapSense_Slider_LED\PRoC_BLE_CapSense_Slider_LED.cydsn\Export\ARM_IAR_Generic\CapSense_CSD_P4_v2_60">
        <Files Root="C:\Users\skuv\Desktop\CapSense_Slider_and_RGB_LED\PRoC_BLE_CapSense_Slider_LED\PRoC_BLE_CapSense_Slider_LED.cydsn">
          <File BuildType="BUILD" Toolchain="ARM IAR Generic">.\Export\ARM_IAR_Generic\CapSense_CSD_P4_v2_60\CapsenseP4Library_IAR.a</File>
        </Files>
      </Folder>
      <Folder BuildType="EXCLUDE" Path=".\codegentemp">
        <Files Root="C:\Users\skuv\Desktop\CapSense_Slider_and_RGB_LED\PRoC_BLE_CapSense_Slider_LED\PRoC_BLE_CapSense_Slider_LED.cydsn" />
      </Folder>
      <Folder BuildType="EXCLUDE" Path=".\ARM_GCC_441">
        <Files Root="C:\Users\skuv\Desktop\CapSense_Slider_and_RGB_LED\PRoC_BLE_CapSense_Slider_LED\PRoC_BLE_CapSense_Slider_LED.cydsn" />
      </Folder>
      <Folder BuildType="EXCLUDE" Path=".\ARM_GCC_473">
        <Files Root="C:\Users\skuv\Desktop\CapSense_Slider_and_RGB_LED\PRoC_BLE_CapSense_Slider_LED\PRoC_BLE_CapSense_Slider_LED.cydsn" />
      </Folder>
      <Folder BuildType="EXCLUDE" Path=".\DP8051_Keil_952">
        <Files Root="C:\Users\skuv\Desktop\CapSense_Slider_and_RGB_LED\PRoC_BLE_CapSense_Slider_LED\PRoC_BLE_CapSense_Slider_LED.cydsn" />
      </Folder>
      <Folder BuildType="EXCLUDE" Path=".\DP8051">
        <Files Root="C:\Users\skuv\Desktop\CapSense_Slider_and_RGB_LED\PRoC_BLE_CapSense_Slider_LED\PRoC_BLE_CapSense_Slider_LED.cydsn" />
      </Folder>
      <Folder BuildType="EXCLUDE" Path=".\CortexM0">
        <Files Root="C:\Users\skuv\Desktop\CapSense_Slider_and_RGB_LED\PRoC_BLE_CapSense_Slider_LED\PRoC_BLE_CapSense_Slider_LED.cydsn" />
      </Folder>
      <Folder BuildType="EXCLUDE" Path=".\CortexM0p">
        <Files Root="C:\Users\skuv\Desktop\CapSense_Slider_and_RGB_LED\PRoC_BLE_CapSense_Slider_LED\PRoC_BLE_CapSense_Slider_LED.cydsn" />
      </Folder>
      <Folder BuildType="EXCLUDE" Path=".\CortexM3">
        <Files Root="C:\Users\skuv\Desktop\CapSense_Slider_and_RGB_LED\PRoC_BLE_CapSense_Slider_LED\PRoC_BLE_CapSense_Slider_LED.cydsn" />
      </Folder>
      <Folder BuildType="EXCLUDE" Path=".\CortexM4">
        <Files Root="C:\Users\skuv\Desktop\CapSense_Slider_and_RGB_LED\PRoC_BLE_CapSense_Slider_LED\PRoC_BLE_CapSense_Slider_LED.cydsn" />
      </Folder>
      <Folder BuildType="EXCLUDE" Path=".\CortexM7">
        <Files Root="C:\Users\skuv\Desktop\CapSense_Slider_and_RGB_LED\PRoC_BLE_CapSense_Slider_LED\PRoC_BLE_CapSense_Slider_LED.cydsn" />
      </Folder>
    </Folders>
  </Project>
</PSoCCreatorIdeExport>